{
  "created_at": "2026-06-28T09:45:47Z",
  "precision": "bf16",
  "max_seq_length": 512,
  "stages": {
    "easy": {
      "adapter_sha256": "361f1ed9c023008666142c6fb7d767fcab74d9ace92380fdf100d4a770f26ffd",
      "final_loss": 0.14931461215019226,
      "losses": [
        0.8098247647285461,
        0.2601771354675293,
        0.14931461215019226
      ],
      "peak_gpu_mib": 3305.56103515625
    },
    "boundary": {
      "adapter_sha256": "93acb7f70697e6c1656b21dd98b0814bc520f06a6adc6e317255c25bb291ddb6",
      "final_loss": 0.001010567881166935,
      "losses": [
        0.04115787521004677,
        0.004895207472145557,
        0.001010567881166935
      ],
      "peak_gpu_mib": 3947.8056640625
    },
    "repair": {
      "adapter_sha256": "cbd7e00b91496d8df2eca6bb988efd6169fd9feb9b72f6109d3a81b3fbb21116",
      "final_loss": 0.006622813642024994,
      "losses": [
        0.06535317748785019,
        0.02649584785103798,
        0.006622813642024994
      ],
      "peak_gpu_mib": 4201.46484375
    }
  }
}