{
  "step": 368,
  "epoch": 2,
  "composite_value": 0.4077777777777778,
  "composite_score": {
    "code_generation_pass_at_1": 0.0,
    "boundary_pass_at_1": 0.0,
    "static_repair_success": 0.5555555555555556,
    "execution_repair_success": 0.5333333333333333,
    "hidden_pass_rate": 0.2777777777777778
  },
  "metrics": {
    "pass_at_1": 0.0,
    "syntax_rate": 0.9777777777777777,
    "hidden_pass_rate": 0.2777777777777778,
    "format_compliance_rate": 0.9833333333333333,
    "timeout_rate": 0.011111111111111112,
    "repair_success_rate": 0.5444444444444444,
    "regression_rate": 0.36666666666666664,
    "n_total": 180.0,
    "n_generation": 90.0,
    "n_repair": 90.0
  },
  "hard_constraint_pass": false,
  "hard_constraint_violations": [
    "code_generation_pass_at_1 dropped 17.24pp vs P2 final (0.1724 -> 0.0000), max allowed 3.0pp"
  ],
  "per_bucket": {
    "code": {
      "n": 45,
      "pass_at_1": 0.0,
      "repair_success_rate": 0.0,
      "hidden_pass_rate": 0.0
    },
    "boundary": {
      "n": 45,
      "pass_at_1": 0.0,
      "repair_success_rate": 0.0,
      "hidden_pass_rate": 0.0
    },
    "static_repair": {
      "n": 45,
      "pass_at_1": 0.0,
      "repair_success_rate": 0.5555555555555556,
      "hidden_pass_rate": 0.5777777777777777
    },
    "execution_repair": {
      "n": 45,
      "pass_at_1": 0.0,
      "repair_success_rate": 0.5333333333333333,
      "hidden_pass_rate": 0.5333333333333333
    }
  },
  "n_samples": 180,
  "generation_config": {
    "temperature": 0,
    "max_new_tokens": 384,
    "do_sample": false,
    "num_beams": 1
  }
}