{
  "step": 184,
  "epoch": 1,
  "composite_value": 0.39944444444444444,
  "composite_score": {
    "code_generation_pass_at_1": 0.022222222222222223,
    "boundary_pass_at_1": 0.022222222222222223,
    "static_repair_success": 0.5111111111111111,
    "execution_repair_success": 0.5333333333333333,
    "hidden_pass_rate": 0.2833333333333333
  },
  "metrics": {
    "pass_at_1": 0.022222222222222223,
    "syntax_rate": 0.9833333333333333,
    "hidden_pass_rate": 0.2833333333333333,
    "format_compliance_rate": 0.9833333333333333,
    "timeout_rate": 0.011111111111111112,
    "repair_success_rate": 0.5222222222222223,
    "regression_rate": 0.45555555555555555,
    "n_total": 180.0,
    "n_generation": 90.0,
    "n_repair": 90.0
  },
  "hard_constraint_pass": false,
  "hard_constraint_violations": [
    "code_generation_pass_at_1 dropped 15.02pp vs P2 final (0.1724 -> 0.0222), max allowed 3.0pp"
  ],
  "per_bucket": {
    "code": {
      "n": 45,
      "pass_at_1": 0.022222222222222223,
      "repair_success_rate": 0.0,
      "hidden_pass_rate": 0.044444444444444446
    },
    "boundary": {
      "n": 45,
      "pass_at_1": 0.022222222222222223,
      "repair_success_rate": 0.0,
      "hidden_pass_rate": 0.044444444444444446
    },
    "static_repair": {
      "n": 45,
      "pass_at_1": 0.0,
      "repair_success_rate": 0.5111111111111111,
      "hidden_pass_rate": 0.5111111111111111
    },
    "execution_repair": {
      "n": 45,
      "pass_at_1": 0.0,
      "repair_success_rate": 0.5333333333333333,
      "hidden_pass_rate": 0.5333333333333333
    }
  },
  "n_samples": 180,
  "generation_config": {
    "temperature": 0,
    "max_new_tokens": 384,
    "do_sample": false,
    "num_beams": 1
  }
}