{
  "full576-base": {
    "label": "Base",
    "metrics": {
      "pass_at_1": 0.16428571428571428,
      "syntax_rate": 0.9965277777777778,
      "hidden_pass_rate": 0.4548611111111111,
      "format_compliance_rate": 1.0,
      "timeout_rate": 0.001736111111111111,
      "repair_success_rate": 0.4243119266055046,
      "regression_rate": 0.536697247706422,
      "n_total": 576.0,
      "n_generation": 140.0,
      "n_repair": 436.0
    },
    "per_task_type": {
      "code_generation": {
        "total": 140,
        "passed": 23,
        "syntax_ok": 140,
        "format_ok": 140
      },
      "static_repair": {
        "total": 218,
        "passed": 109,
        "syntax_ok": 217,
        "format_ok": 218
      },
      "execution_repair": {
        "total": 218,
        "passed": 76,
        "syntax_ok": 217,
        "format_ok": 218
      }
    },
    "family_pass_count": 0,
    "family_total": 75
  },
  "full576-stage2-boundary": {
    "label": "Stage2-v2",
    "metrics": {
      "pass_at_1": 0.14285714285714285,
      "syntax_rate": 0.9878472222222222,
      "hidden_pass_rate": 0.5173611111111112,
      "format_compliance_rate": 0.9982638888888888,
      "timeout_rate": 0.017361111111111112,
      "repair_success_rate": 0.536697247706422,
      "regression_rate": 0.42660550458715596,
      "n_total": 576.0,
      "n_generation": 140.0,
      "n_repair": 436.0
    },
    "per_task_type": {
      "code_generation": {
        "total": 140,
        "passed": 20,
        "syntax_ok": 138,
        "format_ok": 140
      },
      "static_repair": {
        "total": 218,
        "passed": 121,
        "syntax_ok": 214,
        "format_ok": 218
      },
      "execution_repair": {
        "total": 218,
        "passed": 113,
        "syntax_ok": 217,
        "format_ok": 217
      }
    },
    "family_pass_count": 0,
    "family_total": 75
  },
  "full576-stage3-repair": {
    "label": "Stage3-v2-Continual",
    "metrics": {
      "pass_at_1": 0.11428571428571428,
      "syntax_rate": 0.9809027777777778,
      "hidden_pass_rate": 0.4878472222222222,
      "format_compliance_rate": 0.9965277777777778,
      "timeout_rate": 0.029513888888888888,
      "repair_success_rate": 0.5137614678899083,
      "regression_rate": 0.4518348623853211,
      "n_total": 576.0,
      "n_generation": 140.0,
      "n_repair": 436.0
    },
    "per_task_type": {
      "code_generation": {
        "total": 140,
        "passed": 16,
        "syntax_ok": 136,
        "format_ok": 138
      },
      "static_repair": {
        "total": 218,
        "passed": 114,
        "syntax_ok": 212,
        "format_ok": 218
      },
      "execution_repair": {
        "total": 218,
        "passed": 110,
        "syntax_ok": 217,
        "format_ok": 218
      }
    },
    "family_pass_count": 1,
    "family_total": 75
  },
  "full576-independent-stage3": {
    "label": "Stage3-Independent",
    "metrics": {
      "pass_at_1": 0.15,
      "syntax_rate": 0.984375,
      "hidden_pass_rate": 0.5711805555555556,
      "format_compliance_rate": 0.9930555555555556,
      "timeout_rate": 0.012152777777777778,
      "repair_success_rate": 0.591743119266055,
      "regression_rate": 0.3761467889908257,
      "n_total": 576.0,
      "n_generation": 140.0,
      "n_repair": 436.0
    },
    "per_task_type": {
      "code_generation": {
        "total": 140,
        "passed": 21,
        "syntax_ok": 134,
        "format_ok": 136
      },
      "static_repair": {
        "total": 218,
        "passed": 126,
        "syntax_ok": 215,
        "format_ok": 218
      },
      "execution_repair": {
        "total": 218,
        "passed": 132,
        "syntax_ok": 218,
        "format_ok": 218
      }
    },
    "family_pass_count": 2,
    "family_total": 75
  },
  "full576-stage3-v3-antiforget": {
    "label": "Stage3-v3-Antiforget",
    "metrics": {
      "pass_at_1": 0.15714285714285714,
      "syntax_rate": 0.9861111111111112,
      "hidden_pass_rate": 0.5399305555555556,
      "format_compliance_rate": 0.9965277777777778,
      "timeout_rate": 0.024305555555555556,
      "repair_success_rate": 0.536697247706422,
      "regression_rate": 0.42660550458715596,
      "n_total": 576.0,
      "n_generation": 140.0,
      "n_repair": 436.0
    },
    "per_task_type": {
      "code_generation": {
        "total": 140,
        "passed": 22,
        "syntax_ok": 136,
        "format_ok": 138
      },
      "static_repair": {
        "total": 218,
        "passed": 114,
        "syntax_ok": 214,
        "format_ok": 218
      },
      "execution_repair": {
        "total": 218,
        "passed": 120,
        "syntax_ok": 218,
        "format_ok": 218
      }
    },
    "family_pass_count": 2,
    "family_total": 75
  }
}